use mutuelle_centralisee;


-- drop table entity ;
create table entity (
ent_id int primary key  ,
ent_name varchar(200),
ent_addresse varchar(200),
ent_phone varchar(15),
ent_site varchar(100) default ""

)ENGINE=InnoDB DEFAULT CHARSET=utf8mb4;

-- drop table officials;
create table officials (

official_id int primary key,
firstname varchar(50),
lastname varchar(50),
cin varchar(50),
phone varchar(50),
email varchar(50),
password varchar(225),
ent_id int,
foreign key (ent_id) references `entity` (`ent_id`) on delete cascade

)ENGINE=InnoDB DEFAULT CHARSET=utf8mb4;

-- drop table client;

create table client (
client_id int primary key,
work_badge varchar(10),
company_name varchar(50),
hire_date date DEFAULT NULL,
firstname varchar(50),
lastname varchar(50),
cin varchar(9),
passporte varchar(10),
phone varchar(50),
email varchar(50),
password varchar(225),
addresse varchar(200),
created_at TIMESTAMP DEFAULT CURRENT_TIMESTAMP,
official_id int ,
foreign key (official_id) references `officials` (`official_id`) on delete cascade

)ENGINE=InnoDB DEFAULT CHARSET=utf8mb4;


delete from entity;

insert into entity (ent_id, ent_name, ent_addresse, ent_phone, ent_site) values (1, 'Mutuelle Générale du Personnel des Administrations Publiques du Maroc (M.G.P.A.P)', '29, avenue Ibn Sina. Rabat', '0537277836', 'www.mgpap.org.ma');
insert into entity (ent_id, ent_name, ent_addresse, ent_phone, ent_site) values (2, 'Mutuelle Générale de l’Education Nationale (M.G.E.N)', 'rue Halab, Mers Soltane, BP 9169. Casablanca', '2125220232', 'www.mgen.org');
insert into entity (ent_id, ent_name, ent_addresse, ent_phone, ent_site) values (3, 'Oeuvres de Mutualité des Fonctionnaires et Agents au Maroc (OMFAM)', '21, rue Halab, Mers Sultan. B.P : 9010. Casablanca', '0522275077', 'www.omfam.org');
insert into entity (ent_id, ent_name, ent_addresse, ent_phone, ent_site) values (4, 'Mutuelle de Prévoyance Sociale des Cheminots(MPSC)', '42, Rue Al Mansour Eddahbi Casa', '0537704335', 'www.mpsc.ma');
insert into entity (ent_id, ent_name, ent_addresse, ent_phone, ent_site) values (5, 'Mutuelle d’Action Sociale (CNSS)', 'place Dakkar Maison de l’Assuré Casa', ' 0522122244', 'null');



insert into officials (official_id, firstname, lastname, email, cin, password, ent_id) values (1, 'Katerine', 'Jest', 'Katerine.Jest@gmail.com', 'kjest0@craigslist.org', '5B2yubZU', 1);
insert into officials (official_id, firstname, lastname, email, cin, password, ent_id) values (2, 'Dominick', 'Cosgrove', 'Dominick.Cosgrove@gmail.com', 'dcosgrove1@ucoz.com', 'UJt8DInQOgGB', 3);
insert into officials (official_id, firstname, lastname, email, cin, password, ent_id) values (3, 'Harrison', 'Tapply', 'Harrison.Tapply@gmail.com', 'htapply2@disqus.com', 'aaev0Pxdn', 2);
insert into officials (official_id, firstname, lastname, email, cin, password, ent_id) values (4, 'Katy', 'Mardell', 'Katy.Mardell@gmail.com', 'kmardell3@narod.ru', 'vAwKS9X', 5);
insert into officials (official_id, firstname, lastname, email, cin, password, ent_id) values (5, 'Abba', 'Comar', 'Abba.Comar@gmail.com', 'acomar4@altervista.org', 'dEcrGyGL2eoj', 4);

select * from officials;


select * from client;



insert into client (client_id, firstname, lastname, cin, passporte, email, work_badge, company_name, hire_date, phone, password, addresse, created_at, official_id) values (1, 'Fay', 'Cartwight', 'MP9950218', 'N43107032', 'Fay.Cartwight@gmail.com', '89-3245804', 'Skajo', '2021-05-06', '+86 596 142 8677', 'Pq64N49', '97177 Michigan Street', '2021-04-19', 4);
insert into client (client_id, firstname, lastname, cin, passporte, email, work_badge, company_name, hire_date, phone, password, addresse, created_at, official_id) values (2, 'Khalil', 'Hartington', 'BN6647412', 'N89290577', 'Khalil.Hartington@gmail.com', '22-1952064', 'Meetz', '2021-09-23', '+66 693 754 9976', 'OJyHN9Hp43W', '3387 School Park', '2021-09-24', 2);
insert into client (client_id, firstname, lastname, cin, passporte, email, work_badge, company_name, hire_date, phone, password, addresse, created_at, official_id) values (3, 'Cole', 'Caudle', 'AQ5197519', 'P22154979', 'Cole.Caudle@gmail.com', '72-6275309', 'Devcast', '2021-01-06', '+351 127 997 5971', 'QLoWxD', '2214 Graedel Parkway', '2021-04-18', 4);
insert into client (client_id, firstname, lastname, cin, passporte, email, work_badge, company_name, hire_date, phone, password, addresse, created_at, official_id) values (4, 'Rochelle', 'Mattsson', 'AH4203038', 'Z35304961', 'Rochelle.Mattsson@gmail.com', '95-2207622', 'Centizu', '2021-07-20', '+977 996 664 4016', 'Ko5ScD', '8 Swallow Trail', '2021-05-28', 1);
insert into client (client_id, firstname, lastname, cin, passporte, email, work_badge, company_name, hire_date, phone, password, addresse, created_at, official_id) values (5, 'Katerina', 'Jelk', 'AM5544303', 'Z76785226', 'Katerina.Jelk@gmail.com', '35-1346006', 'Zoomzone', '2021-03-07', '+60 956 265 2963', 'jxAH5x', '42281 Dryden Junction', '2021-11-20', 3);
insert into client (client_id, firstname, lastname, cin, passporte, email, work_badge, company_name, hire_date, phone, password, addresse, created_at, official_id) values (6, 'Manolo', 'Ramelet', 'PB8309945', 'H30517776', 'Manolo.Ramelet@gmail.com', '45-2914443', 'Kwinu', '2021-09-16', '+226 428 455 2086', 'ydn4IDjOllc', '1215 Cordelia Alley', '2021-02-21', 3);
insert into client (client_id, firstname, lastname, cin, passporte, email, work_badge, company_name, hire_date, phone, password, addresse, created_at, official_id) values (7, 'Cristie', 'Grugerr', 'BZ8736417', 'M53151306', 'Cristie.Grugerr@gmail.com', '05-3315735', 'Photobug', '2021-09-28', '+62 373 107 9936', 'Lvb7QXPtQ', '5 Fulton Trail', '2021-02-20', 2);
insert into client (client_id, firstname, lastname, cin, passporte, email, work_badge, company_name, hire_date, phone, password, addresse, created_at, official_id) values (8, 'Ronny', 'Linfoot', 'ZD1350963', 'N16080814', 'Ronny.Linfoot@gmail.com', '60-1787105', 'Gabcube', '2021-11-01', '+1 513 359 4265', '3qtu2JCK', '777 Tennyson Way', '2021-03-16', 1);
insert into client (client_id, firstname, lastname, cin, passporte, email, work_badge, company_name, hire_date, phone, password, addresse, created_at, official_id) values (9, 'Sutherlan', 'Brandrick', 'ZZ9614820', 'Z96584924', 'Sutherlan.Brandrick@gmail.com', '99-7217588', 'Zoomlounge', '2021-10-16', '+54 289 187 9457', 'EVdovWbvEoE3', '9 Dapin Court', '2020-12-11', 3);
insert into client (client_id, firstname, lastname, cin, passporte, email, work_badge, company_name, hire_date, phone, password, addresse, created_at, official_id) values (10, 'Andra', 'McComas', 'QS4779108', 'Q54250113', 'Andra.McComas@gmail.com', '47-0648851', 'Livetube', '2021-01-09', '+62 202 741 2955', 'ybcfvNwUjZd2', '4521 Erie Parkway', '2021-01-31', 5);
insert into client (client_id, firstname, lastname, cin, passporte, email, work_badge, company_name, hire_date, phone, password, addresse, created_at, official_id) values (11, 'Odelle', 'Hallward', 'QD4242270', 'Q36349089', 'Odelle.Hallward@gmail.com', '13-5837787', 'Photofeed', '2021-08-20', '+63 579 733 2303', '8LHOCXSAbav8', '8 Waxwing Place', '2021-03-24', 5);
insert into client (client_id, firstname, lastname, cin, passporte, email, work_badge, company_name, hire_date, phone, password, addresse, created_at, official_id) values (12, 'Donella', 'Drayson', 'ZQ1559416', 'A23420363', 'Donella.Drayson@gmail.com', '39-5546907', 'Kare', '2021-10-24', '+86 862 813 5036', '1ELBaRs', '27 John Wall Way', '2021-06-25', 5);
insert into client (client_id, firstname, lastname, cin, passporte, email, work_badge, company_name, hire_date, phone, password, addresse, created_at, official_id) values (13, 'Ania', 'Santen', 'MD7371824', 'M80694939', 'Ania.Santen@gmail.com', '05-4203749', 'Avavee', '2021-04-18', '+81 151 306 8606', 'D0vtt4LG', '139 Meadow Ridge Alley', '2021-09-10', 4);
insert into client (client_id, firstname, lastname, cin, passporte, email, work_badge, company_name, hire_date, phone, password, addresse, created_at, official_id) values (14, 'Freddie', 'Sone', 'QZ4874653', 'M85009543', 'Freddie.Sone@gmail.com', '76-9082039', 'Skalith', '2021-08-18', '+86 650 737 9271', 'JJ1fRLYUa', '09093 Mallard Circle', '2021-07-02', 5);
insert into client (client_id, firstname, lastname, cin, passporte, email, work_badge, company_name, hire_date, phone, password, addresse, created_at, official_id) values (15, 'Miriam', 'Archer', 'BD8417792', 'H36143271', 'Miriam.Archer@gmail.com', '88-0008072', 'Quamba', '2021-11-12', '+387 948 462 0486', 'uvnc9npmTee', '7010 Hallows Circle', '2020-12-20', 5);
insert into client (client_id, firstname, lastname, cin, passporte, email, work_badge, company_name, hire_date, phone, password, addresse, created_at, official_id) values (16, 'Lavina', 'Jedrachowicz', 'MM7544546', 'Q39134908', 'Lavina.Jedrachowicz@gmail.com', '08-2748377', 'Buzzbean', '2021-05-06', '+63 589 427 4814', 'XhH1YLL', '9580 Village Center', '2021-09-02', 4);
insert into client (client_id, firstname, lastname, cin, passporte, email, work_badge, company_name, hire_date, phone, password, addresse, created_at, official_id) values (17, 'Sada', 'Luciani', 'BB6655447', 'N77121786', 'Sada.Luciani@gmail.com', '63-5469199', 'Quire', '2021-02-04', '+7 168 378 2243', 'sBqjOo2pWki', '9056 Monument Alley', '2021-02-11', 4);
insert into client (client_id, firstname, lastname, cin, passporte, email, work_badge, company_name, hire_date, phone, password, addresse, created_at, official_id) values (18, 'Marietta', 'Compston', 'ND8231495', 'S13119505', 'Marietta.Compston@gmail.com', '61-1986180', 'Ntag', '2021-05-19', '+86 824 575 4875', 'BeZ651hs', '10 Loeprich Avenue', '2021-06-04', 5);
insert into client (client_id, firstname, lastname, cin, passporte, email, work_badge, company_name, hire_date, phone, password, addresse, created_at, official_id) values (19, 'Demott', 'Warlowe', 'QZ1184037', 'A39092655', 'Demott.Warlowe@gmail.com', '19-1129391', 'Gabvine', '2021-08-04', '+7 604 592 3432', 'J4hsSmmXf6JX', '3617 Anzinger Street', '2021-02-16', 2);
insert into client (client_id, firstname, lastname, cin, passporte, email, work_badge, company_name, hire_date, phone, password, addresse, created_at, official_id) values (20, 'Andras', 'Hackett', 'ZN3179905', 'Q63856670', 'Andras.Hackett@gmail.com', '14-6877307', 'Tagfeed', '2021-06-18', '+880 986 564 5602', 'XaURmxx', '16407 Eggendart Hill', '2021-09-20', 5);
insert into client (client_id, firstname, lastname, cin, passporte, email, work_badge, company_name, hire_date, phone, password, addresse, created_at, official_id) values (21, 'Tarrah', 'Drable', 'NZ8500294', 'M72545477', 'Tarrah.Drable@gmail.com', '13-8692982', 'Myworks', '2021-05-17', '+55 502 917 5531', 'H7dpX9MYcS', '4835 Heffernan Terrace', '2021-11-19', 4);
insert into client (client_id, firstname, lastname, cin, passporte, email, work_badge, company_name, hire_date, phone, password, addresse, created_at, official_id) values (22, 'Kaycee', 'Staynes', 'BZ7292506', 'Z43581003', 'Kaycee.Staynes@gmail.com', '04-3455887', 'Babbleopia', '2021-02-05', '+380 235 171 2352', 'IPZMK2XE', '38282 Pawling Hill', '2021-07-24', 5);
insert into client (client_id, firstname, lastname, cin, passporte, email, work_badge, company_name, hire_date, phone, password, addresse, created_at, official_id) values (23, 'Florina', 'Adnams', 'ZS2716479', 'A93591222', 'Florina.Adnams@gmail.com', '10-8137170', 'Brightbean', '2021-08-12', '+352 462 356 3868', 'clqGQX3mM', '97935 Kingsford Junction', '2021-01-27', 5);
insert into client (client_id, firstname, lastname, cin, passporte, email, work_badge, company_name, hire_date, phone, password, addresse, created_at, official_id) values (24, 'Ariella', 'Prime', 'SS1598965', 'B43075393', 'Ariella.Prime@gmail.com', '16-0477083', 'Skynoodle', '2021-09-17', '+591 300 437 0833', 'Jj2Nvxcxdt', '52 Upham Hill', '2021-08-01', 3);
insert into client (client_id, firstname, lastname, cin, passporte, email, work_badge, company_name, hire_date, phone, password, addresse, created_at, official_id) values (25, 'Jeanie', 'Vayne', 'AS4954005', 'Q85984632', 'Jeanie.Vayne@gmail.com', '94-8858207', 'Yodo', '2021-12-04', '+55 402 162 7179', 'AoR5qfPAq8Qr', '63 Toban Pass', '2021-04-14', 5);
insert into client (client_id, firstname, lastname, cin, passporte, email, work_badge, company_name, hire_date, phone, password, addresse, created_at, official_id) values (26, 'Sollie', 'Sorrell', 'NH2339884', 'D43402058', 'Sollie.Sorrell@gmail.com', '77-3621134', 'Zoonoodle', '2021-07-15', '+1 662 329 4144', 'TkWW1j7G8', '71 Nova Way', '2021-01-06', 1);
insert into client (client_id, firstname, lastname, cin, passporte, email, work_badge, company_name, hire_date, phone, password, addresse, created_at, official_id) values (27, 'Sula', 'Petruszka', 'SH7466454', 'N59173487', 'Sula.Petruszka@gmail.com', '32-5791070', 'Tazz', '2021-09-08', '+46 852 876 0291', 'HB7WaV8h', '8 Sutherland Lane', '2021-03-28', 4);
insert into client (client_id, firstname, lastname, cin, passporte, email, work_badge, company_name, hire_date, phone, password, addresse, created_at, official_id) values (28, 'Faustina', 'Gerssam', 'BA7215688', 'N78225222', 'Faustina.Gerssam@gmail.com', '19-5378724', 'Jabbersphere', '2021-01-30', '+351 656 620 6516', 'FuYuHVrJSPB', '01330 Florence Avenue', '2021-10-08', 3);
insert into client (client_id, firstname, lastname, cin, passporte, email, work_badge, company_name, hire_date, phone, password, addresse, created_at, official_id) values (29, 'Ludwig', 'Amort', 'DQ3172664', 'A76726951', 'Ludwig.Amort@gmail.com', '11-3683983', 'Realcube', '2021-07-16', '+63 156 922 2238', 'bZUjui', '952 Northridge Circle', '2021-11-19', 2);
insert into client (client_id, firstname, lastname, cin, passporte, email, work_badge, company_name, hire_date, phone, password, addresse, created_at, official_id) values (30, 'Durward', 'Nieass', 'BM3333064', 'Q51727650', 'Durward.Nieass@gmail.com', '70-5756034', 'Plambee', '2021-02-14', '+33 665 587 9475', 'n2GooKOTrYsq', '518 Northwestern Park', '2021-11-10', 4);
insert into client (client_id, firstname, lastname, cin, passporte, email, work_badge, company_name, hire_date, phone, password, addresse, created_at, official_id) values (31, 'Glad', 'Farish', 'HS6060505', 'Q67070786', 'Glad.Farish@gmail.com', '08-8483509', 'Eire', '2021-06-05', '+505 419 474 6180', '4dp0sj2j', '68 Crest Line Lane', '2021-11-21', 5);
insert into client (client_id, firstname, lastname, cin, passporte, email, work_badge, company_name, hire_date, phone, password, addresse, created_at, official_id) values (32, 'Sharity', 'Featherstonhaugh', 'NQ9341095', 'S31753264', 'Sharity.Featherstonhaugh@gmail.com', '21-0947424', 'Kazio', '2021-10-02', '+62 423 609 5801', 'p5rLKD1q', '16 Northport Pass', '2021-03-10', 4);
insert into client (client_id, firstname, lastname, cin, passporte, email, work_badge, company_name, hire_date, phone, password, addresse, created_at, official_id) values (33, 'Llywellyn', 'Willstrop', 'SM5306341', 'Q15785100', 'Llywellyn.Willstrop@gmail.com', '40-5721329', 'Kayveo', '2021-12-01', '+63 764 611 9450', 'UsWsVjWRT', '8 Westerfield Plaza', '2021-05-23', 2);
insert into client (client_id, firstname, lastname, cin, passporte, email, work_badge, company_name, hire_date, phone, password, addresse, created_at, official_id) values (34, 'Giselle', 'Thornton', 'DH6373531', 'H13709497', 'Giselle.Thornton@gmail.com', '01-0467316', 'Dynava', '2021-01-08', '+7 281 959 6809', 'SS2zm8', '21 Bartelt Lane', '2021-02-27', 5);
insert into client (client_id, firstname, lastname, cin, passporte, email, work_badge, company_name, hire_date, phone, password, addresse, created_at, official_id) values (35, 'Merilyn', 'Hedan', 'DD2363747', 'Z64022540', 'Merilyn.Hedan@gmail.com', '13-7256343', 'Browsedrive', '2021-08-06', '+62 851 382 5233', 'lv0VCiD5', '28302 Almo Circle', '2021-11-11', 1);
insert into client (client_id, firstname, lastname, cin, passporte, email, work_badge, company_name, hire_date, phone, password, addresse, created_at, official_id) values (36, 'Evey', 'Couzens', 'MB1923296', 'S86695460', 'Evey.Couzens@gmail.com', '55-2737680', 'Izio', '2021-03-13', '+62 259 670 1623', 'i2VNjmsY2', '39 Northwestern Junction', '2021-10-08', 4);
insert into client (client_id, firstname, lastname, cin, passporte, email, work_badge, company_name, hire_date, phone, password, addresse, created_at, official_id) values (37, 'Renaud', 'Stobbart', 'MM4272641', 'H67935101', 'Renaud.Stobbart@gmail.com', '11-1259555', 'Skimia', '2021-01-21', '+64 992 882 0824', 'ZDKos1u', '7 Katie Parkway', '2021-03-26', 3);
insert into client (client_id, firstname, lastname, cin, passporte, email, work_badge, company_name, hire_date, phone, password, addresse, created_at, official_id) values (38, 'Concettina', 'Gallymore', 'ZA4121692', 'D88639352', 'Concettina.Gallymore@gmail.com', '10-2521555', 'Meevee', '2021-06-15', '+55 286 113 5122', 'dLJaCcT2ZCO', '3 Blackbird Place', '2021-04-14', 2);
insert into client (client_id, firstname, lastname, cin, passporte, email, work_badge, company_name, hire_date, phone, password, addresse, created_at, official_id) values (39, 'Dyan', 'Monnery', 'BZ4556695', 'Z44146625', 'Dyan.Monnery@gmail.com', '41-1362219', 'Skimia', '2021-11-14', '+62 418 749 1555', '270WWg', '139 Petterle Court', '2021-11-08', 1);
insert into client (client_id, firstname, lastname, cin, passporte, email, work_badge, company_name, hire_date, phone, password, addresse, created_at, official_id) values (40, 'Alexis', 'Philbrook', 'DZ5072414', 'D11527601', 'Alexis.Philbrook@gmail.com', '43-7305855', 'Einti', '2021-11-14', '+86 347 727 1451', 'TGa1RT5SsNZ', '13 Stang Court', '2021-09-16', 1);
insert into client (client_id, firstname, lastname, cin, passporte, email, work_badge, company_name, hire_date, phone, password, addresse, created_at, official_id) values (41, 'Jacques', 'Pryell', 'MB7713756', 'N81662982', 'Jacques.Pryell@gmail.com', '58-8641251', 'Podcat', '2021-01-19', '+7 816 705 0475', '1WZfMOU', '2898 Old Shore Way', '2020-12-29', 2);
insert into client (client_id, firstname, lastname, cin, passporte, email, work_badge, company_name, hire_date, phone, password, addresse, created_at, official_id) values (42, 'Robinia', 'Spino', 'NQ8330668', 'D86043864', 'Robinia.Spino@gmail.com', '02-8032977', 'Skinte', '2021-09-25', '+352 883 801 6265', 'ty1nfhS', '1081 Thompson Trail', '2021-10-12', 1);
insert into client (client_id, firstname, lastname, cin, passporte, email, work_badge, company_name, hire_date, phone, password, addresse, created_at, official_id) values (43, 'Micki', 'Whelpdale', 'MD2256683', 'Z22367327', 'Micki.Whelpdale@gmail.com', '01-7275968', 'Skiba', '2021-02-05', '+86 694 358 3115', 'Y2sWgTGdw', '14 Birchwood Hill', '2021-08-24', 5);
insert into client (client_id, firstname, lastname, cin, passporte, email, work_badge, company_name, hire_date, phone, password, addresse, created_at, official_id) values (44, 'Ana', 'Kreuzer', 'DS1753174', 'P30965649', 'Ana.Kreuzer@gmail.com', '91-3542361', 'Twitternation', '2021-05-28', '+86 175 443 0729', 'WMlkktVA', '846 Bunting Road', '2021-05-11', 2);
insert into client (client_id, firstname, lastname, cin, passporte, email, work_badge, company_name, hire_date, phone, password, addresse, created_at, official_id) values (45, 'Lian', 'Vidyapin', 'QM3875244', 'S45799680', 'Lian.Vidyapin@gmail.com', '88-1514409', 'Dabfeed', '2021-11-18', '+86 462 974 0503', 'thK3WWcfQ', '2 Bartelt Pass', '2021-06-19', 5);
insert into client (client_id, firstname, lastname, cin, passporte, email, work_badge, company_name, hire_date, phone, password, addresse, created_at, official_id) values (46, 'Bernetta', 'Glanister', 'HQ3550838', 'P46310147', 'Bernetta.Glanister@gmail.com', '51-1201263', 'Yacero', '2021-06-20', '+351 575 760 6583', 'JTVnIy', '1292 Hudson Circle', '2021-09-11', 3);
insert into client (client_id, firstname, lastname, cin, passporte, email, work_badge, company_name, hire_date, phone, password, addresse, created_at, official_id) values (47, 'Patty', 'Devey', 'NS7346057', 'Q71104631', 'Patty.Devey@gmail.com', '56-7145984', 'Centidel', '2021-06-28', '+351 180 318 2382', '6ILaEqaUGE', '735 Saint Paul Street', '2021-10-23', 2);
insert into client (client_id, firstname, lastname, cin, passporte, email, work_badge, company_name, hire_date, phone, password, addresse, created_at, official_id) values (48, 'Corabel', 'Walker', 'MN3292273', 'A39181309', 'Corabel.Walker@gmail.com', '04-2203095', 'Jabbercube', '2021-03-07', '+39 936 303 9556', 'YmMvEq', '9 Talmadge Road', '2021-05-18', 2);
insert into client (client_id, firstname, lastname, cin, passporte, email, work_badge, company_name, hire_date, phone, password, addresse, created_at, official_id) values (49, 'Gradeigh', 'Gascar', 'QS9740956', 'Z59191824', 'Gradeigh.Gascar@gmail.com', '94-4020548', 'Bubblebox', '2021-02-08', '+504 841 787 4534', 'xRIbhLCL', '5 Eastlawn Pass', '2021-07-08', 3);
insert into client (client_id, firstname, lastname, cin, passporte, email, work_badge, company_name, hire_date, phone, password, addresse, created_at, official_id) values (50, 'Trey', 'Hallbord', 'BH1537022', 'N20258725', 'Trey.Hallbord@gmail.com', '31-7229703', 'Camimbo', '2021-10-30', '+55 911 447 6136', 'pUqArb', '25169 Cambridge Place', '2021-11-28', 5);
insert into client (client_id, firstname, lastname, cin, passporte, email, work_badge, company_name, hire_date, phone, password, addresse, created_at, official_id) values (51, 'Mack', 'Patshull', 'PM5774179', 'N31688617', 'Mack.Patshull@gmail.com', '72-5343140', 'Youfeed', '2021-12-03', '+1 330 407 4459', 'GJjB4YpjaD', '42987 Debs Road', '2021-11-11', 1);
insert into client (client_id, firstname, lastname, cin, passporte, email, work_badge, company_name, hire_date, phone, password, addresse, created_at, official_id) values (52, 'Gertie', 'Kubicka', 'PB5226152', 'Z73577912', 'Gertie.Kubicka@gmail.com', '95-1919453', 'Twitterlist', '2021-01-24', '+212 571 323 6945', 'x9WBe4', '204 Armistice Road', '2020-12-16', 4);
insert into client (client_id, firstname, lastname, cin, passporte, email, work_badge, company_name, hire_date, phone, password, addresse, created_at, official_id) values (53, 'Ulysses', 'O''Gready', 'ZS8059881', 'N44579575', 'Ulysses.O''Gready@gmail.com', '32-1030776', 'Demivee', '2021-11-03', '+86 776 459 7218', 'YdGWf4q6JqJO', '7725 Harbort Way', '2020-12-28', 5);
insert into client (client_id, firstname, lastname, cin, passporte, email, work_badge, company_name, hire_date, phone, password, addresse, created_at, official_id) values (54, 'Juliane', 'Curr', 'SA7405500', 'Q88544960', 'Juliane.Curr@gmail.com', '72-4990473', 'Kazu', '2021-04-29', '+7 891 466 3203', '6VG1axUg', '0710 Cordelia Trail', '2020-12-15', 1);
insert into client (client_id, firstname, lastname, cin, passporte, email, work_badge, company_name, hire_date, phone, password, addresse, created_at, official_id) values (55, 'Rheba', 'Eden', 'DM1929643', 'Q67080104', 'Rheba.Eden@gmail.com', '67-0864808', 'Photobug', '2021-05-30', '+382 122 405 8049', 'pGahF3', '1924 Alpine Junction', '2021-07-18', 4);
insert into client (client_id, firstname, lastname, cin, passporte, email, work_badge, company_name, hire_date, phone, password, addresse, created_at, official_id) values (56, 'Gloria', 'Daye', 'DA9746653', 'Q70833837', 'Gloria.Daye@gmail.com', '86-2597628', 'Meedoo', '2021-06-13', '+970 799 695 6211', 'hzqU1coU7k', '40264 Heath Terrace', '2021-04-24', 1);
insert into client (client_id, firstname, lastname, cin, passporte, email, work_badge, company_name, hire_date, phone, password, addresse, created_at, official_id) values (57, 'Clementia', 'Quarmby', 'NH3716648', 'A35520151', 'Clementia.Quarmby@gmail.com', '95-9586115', 'Skipstorm', '2021-11-13', '+86 536 410 1489', 'oO5CnSf7dO', '0 Washington Center', '2021-01-19', 3);
insert into client (client_id, firstname, lastname, cin, passporte, email, work_badge, company_name, hire_date, phone, password, addresse, created_at, official_id) values (58, 'Kristel', 'Maharry', 'ZZ7046736', 'P82334922', 'Kristel.Maharry@gmail.com', '34-1960566', 'Yamia', '2021-09-12', '+237 343 749 1784', 'biPBuf', '8 Coolidge Avenue', '2021-10-19', 2);
insert into client (client_id, firstname, lastname, cin, passporte, email, work_badge, company_name, hire_date, phone, password, addresse, created_at, official_id) values (59, 'Rosemaria', 'Walasik', 'MQ5879687', 'Q56693470', 'Rosemaria.Walasik@gmail.com', '86-9430160', 'Npath', '2021-08-20', '+1 616 870 4923', '0hhJUul', '45274 Carey Park', '2021-06-18', 5);
insert into client (client_id, firstname, lastname, cin, passporte, email, work_badge, company_name, hire_date, phone, password, addresse, created_at, official_id) values (60, 'Carmela', 'Greatland', 'DZ5201741', 'P62195116', 'Carmela.Greatland@gmail.com', '02-1527161', 'Rooxo', '2021-03-05', '+380 698 779 5099', 'OWyjzC', '7773 Stang Court', '2021-05-29', 2);
insert into client (client_id, firstname, lastname, cin, passporte, email, work_badge, company_name, hire_date, phone, password, addresse, created_at, official_id) values (61, 'Morlee', 'Madrell', 'SP1215987', 'A12411661', 'Morlee.Madrell@gmail.com', '46-9448807', 'Brainsphere', '2021-05-29', '+62 568 202 3112', '2UySr8BZCV', '77749 Northport Place', '2021-11-23', 1);
insert into client (client_id, firstname, lastname, cin, passporte, email, work_badge, company_name, hire_date, phone, password, addresse, created_at, official_id) values (62, 'Melloney', 'Marley', 'BD6942319', 'M91496494', 'Melloney.Marley@gmail.com', '27-2190374', 'Katz', '2021-10-28', '+855 201 474 6859', 'awQWJU', '0689 Weeping Birch Circle', '2021-11-10', 4);
insert into client (client_id, firstname, lastname, cin, passporte, email, work_badge, company_name, hire_date, phone, password, addresse, created_at, official_id) values (63, 'Warner', 'Stuttman', 'ZM3061413', 'S29016091', 'Warner.Stuttman@gmail.com', '28-4913949', 'Fanoodle', '2021-11-18', '+86 651 637 7883', 'Lr2SBMZfo', '67 Mccormick Court', '2021-02-05', 4);
insert into client (client_id, firstname, lastname, cin, passporte, email, work_badge, company_name, hire_date, phone, password, addresse, created_at, official_id) values (64, 'Tony', 'Stoney', 'BS1213134', 'H90806248', 'Tony.Stoney@gmail.com', '85-7257073', 'Shufflebeat', '2021-08-23', '+7 657 254 5181', 'rHBXMQ', '5323 Oxford Trail', '2021-08-23', 5);
insert into client (client_id, firstname, lastname, cin, passporte, email, work_badge, company_name, hire_date, phone, password, addresse, created_at, official_id) values (65, 'Logan', 'Catt', 'HB6370343', 'Q28230560', 'Logan.Catt@gmail.com', '41-5848566', 'Lajo', '2021-02-07', '+62 577 307 0790', 'NLxAGOsy', '66553 Moose Road', '2021-09-25', 1);
insert into client (client_id, firstname, lastname, cin, passporte, email, work_badge, company_name, hire_date, phone, password, addresse, created_at, official_id) values (66, 'Jade', 'Holburn', 'BH6929607', 'Q65921026', 'Jade.Holburn@gmail.com', '41-5860209', 'Viva', '2021-01-14', '+62 245 522 4490', 'YsBUN5qpIfpF', '972 Veith Center', '2021-03-13', 2);
insert into client (client_id, firstname, lastname, cin, passporte, email, work_badge, company_name, hire_date, phone, password, addresse, created_at, official_id) values (67, 'Murry', 'Davall', 'SN4678560', 'N49848257', 'Murry.Davall@gmail.com', '75-7807865', 'Ainyx', '2021-04-08', '+1 804 214 6809', 'Gh8PbdSfGtq', '6 Hollow Ridge Center', '2021-10-04', 1);
insert into client (client_id, firstname, lastname, cin, passporte, email, work_badge, company_name, hire_date, phone, password, addresse, created_at, official_id) values (68, 'Ernesta', 'Sarver', 'SM8901834', 'M68947015', 'Ernesta.Sarver@gmail.com', '33-9966799', 'Centidel', '2021-02-02', '+62 173 384 6925', 'QQiUbfx9', '60203 Porter Pass', '2021-03-03', 5);
insert into client (client_id, firstname, lastname, cin, passporte, email, work_badge, company_name, hire_date, phone, password, addresse, created_at, official_id) values (69, 'Caitrin', 'Drew', 'NM6088093', 'N82475615', 'Caitrin.Drew@gmail.com', '22-0650235', 'Bubblebox', '2021-11-19', '+48 667 416 7552', 'KZtfVvfXWV', '4 Kinsman Street', '2021-05-06', 5);
insert into client (client_id, firstname, lastname, cin, passporte, email, work_badge, company_name, hire_date, phone, password, addresse, created_at, official_id) values (70, 'Sofia', 'Meek', 'ZQ7150327', 'S63768966', 'Sofia.Meek@gmail.com', '56-2170302', 'Chatterpoint', '2021-02-15', '+86 622 444 3761', 't00FtvYC', '20 8th Point', '2021-03-16', 3);
insert into client (client_id, firstname, lastname, cin, passporte, email, work_badge, company_name, hire_date, phone, password, addresse, created_at, official_id) values (71, 'Lanny', 'Bartolomeazzi', 'MQ9729529', 'A95435838', 'Lanny.Bartolomeazzi@gmail.com', '39-4682512', 'Wordware', '2021-10-01', '+54 263 392 6500', 'igXpii7bW', '46 Arizona Plaza', '2020-12-19', 4);
insert into client (client_id, firstname, lastname, cin, passporte, email, work_badge, company_name, hire_date, phone, password, addresse, created_at, official_id) values (72, 'Shelia', 'Kyd', 'MD6012102', 'N25917297', 'Shelia.Kyd@gmail.com', '25-8564256', 'InnoZ', '2021-03-12', '+55 664 669 6527', '1Fzqq47qRGl', '47 Jana Hill', '2021-03-16', 4);
insert into client (client_id, firstname, lastname, cin, passporte, email, work_badge, company_name, hire_date, phone, password, addresse, created_at, official_id) values (73, 'Cyrille', 'Minget', 'ZS8233437', 'Z66859239', 'Cyrille.Minget@gmail.com', '30-8119217', 'Eazzy', '2021-07-29', '+44 479 762 8174', 'twhiDnkCZTe', '6 Vermont Drive', '2020-12-13', 4);
insert into client (client_id, firstname, lastname, cin, passporte, email, work_badge, company_name, hire_date, phone, password, addresse, created_at, official_id) values (74, 'Lanie', 'Masseo', 'AN7993159', 'A54282260', 'Lanie.Masseo@gmail.com', '10-7973600', 'Jazzy', '2021-08-05', '+86 991 821 7543', 'E8w8pGt0j', '71 Hallows Pass', '2021-11-27', 4);
insert into client (client_id, firstname, lastname, cin, passporte, email, work_badge, company_name, hire_date, phone, password, addresse, created_at, official_id) values (75, 'Jonis', 'Touson', 'QQ2282990', 'B89566560', 'Jonis.Touson@gmail.com', '45-3961246', 'Blogpad', '2021-10-10', '+86 646 294 8541', 'TFHcSZRMPo', '21165 Troy Court', '2021-03-21', 3);
insert into client (client_id, firstname, lastname, cin, passporte, email, work_badge, company_name, hire_date, phone, password, addresse, created_at, official_id) values (76, 'Phyllida', 'Zealy', 'QQ7984972', 'M57691631', 'Phyllida.Zealy@gmail.com', '27-8340552', 'Cogidoo', '2021-11-18', '+373 193 534 7793', 'JOdg2wXXcExw', '48397 Coleman Park', '2021-07-16', 5);
insert into client (client_id, firstname, lastname, cin, passporte, email, work_badge, company_name, hire_date, phone, password, addresse, created_at, official_id) values (77, 'Colver', 'Lansbury', 'ND9551793', 'P10760001', 'Colver.Lansbury@gmail.com', '61-4927860', 'Zooxo', '2020-12-27', '+63 392 909 7455', 'JExOhyk', '27953 Lotheville Park', '2021-08-05', 2);
insert into client (client_id, firstname, lastname, cin, passporte, email, work_badge, company_name, hire_date, phone, password, addresse, created_at, official_id) values (78, 'Saundra', 'Sultan', 'MN3616724', 'S75767326', 'Saundra.Sultan@gmail.com', '84-1035676', 'Buzzshare', '2021-08-19', '+63 627 662 3633', 'QQJza5', '0 International Road', '2021-09-16', 2);
insert into client (client_id, firstname, lastname, cin, passporte, email, work_badge, company_name, hire_date, phone, password, addresse, created_at, official_id) values (79, 'Joseito', 'Berryman', 'ZS9105490', 'Z87833514', 'Joseito.Berryman@gmail.com', '01-2345753', 'Janyx', '2021-11-17', '+86 704 192 2320', 'bWVtR1nDnx', '045 Grayhawk Circle', '2021-11-23', 5);
insert into client (client_id, firstname, lastname, cin, passporte, email, work_badge, company_name, hire_date, phone, password, addresse, created_at, official_id) values (80, 'Iggie', 'Cornhill', 'ZH4324742', 'A96675590', 'Iggie.Cornhill@gmail.com', '36-8298426', 'Zoombeat', '2021-03-23', '+63 443 102 7927', 'rIOi0rY8p', '31627 Heffernan Pass', '2021-05-02', 5);
insert into client (client_id, firstname, lastname, cin, passporte, email, work_badge, company_name, hire_date, phone, password, addresse, created_at, official_id) values (81, 'Adrianne', 'Kittles', 'HP5885842', 'P44853584', 'Adrianne.Kittles@gmail.com', '20-8296597', 'Centidel', '2021-03-04', '+86 823 669 3838', '8WBRPCwkPtu', '3 Texas Center', '2021-05-19', 1);
insert into client (client_id, firstname, lastname, cin, passporte, email, work_badge, company_name, hire_date, phone, password, addresse, created_at, official_id) values (82, 'Xaviera', 'Garroway', 'QM5810524', 'S27125248', 'Xaviera.Garroway@gmail.com', '05-3455963', 'Tagchat', '2021-05-01', '+92 624 115 8913', 'b2EulAs1uszb', '6 Bowman Circle', '2021-08-10', 1);
insert into client (client_id, firstname, lastname, cin, passporte, email, work_badge, company_name, hire_date, phone, password, addresse, created_at, official_id) values (83, 'Lea', 'Spaight', 'SB6525442', 'P22910626', 'Lea.Spaight@gmail.com', '94-0964589', 'Skimia', '2021-04-17', '+593 552 996 5399', 'Az2dUZ5', '8 Lawn Way', '2021-04-07', 5);
insert into client (client_id, firstname, lastname, cin, passporte, email, work_badge, company_name, hire_date, phone, password, addresse, created_at, official_id) values (84, 'Earle', 'Bummfrey', 'NB5353796', 'P96656607', 'Earle.Bummfrey@gmail.com', '11-4267162', 'Wikizz', '2021-01-19', '+46 580 904 4231', 'cVkNHASQv', '0073 Shopko Drive', '2021-06-16', 2);
insert into client (client_id, firstname, lastname, cin, passporte, email, work_badge, company_name, hire_date, phone, password, addresse, created_at, official_id) values (85, 'Constancia', 'Castelyn', 'AD7787364', 'D27784618', 'Constancia.Castelyn@gmail.com', '61-9249442', 'Oyoba', '2021-10-21', '+63 519 814 9726', 'D9u0lP5K', '044 Dayton Avenue', '2020-12-24', 2);
insert into client (client_id, firstname, lastname, cin, passporte, email, work_badge, company_name, hire_date, phone, password, addresse, created_at, official_id) values (86, 'Noak', 'Durrance', 'MP9558648', 'Q85719236', 'Noak.Durrance@gmail.com', '60-2178828', 'Kwilith', '2021-05-06', '+265 975 802 9356', 'FNwgx8', '5983 Elmside Lane', '2021-07-01', 2);
insert into client (client_id, firstname, lastname, cin, passporte, email, work_badge, company_name, hire_date, phone, password, addresse, created_at, official_id) values (87, 'Ave', 'Rosendall', 'HS9768798', 'H41469761', 'Ave.Rosendall@gmail.com', '20-6712947', 'Avamm', '2021-01-27', '+1 417 445 1115', 'RNJNmdxnYY', '3 Grim Pass', '2021-06-06', 3);
insert into client (client_id, firstname, lastname, cin, passporte, email, work_badge, company_name, hire_date, phone, password, addresse, created_at, official_id) values (88, 'Beaufort', 'Toner', 'PZ5134220', 'A67753764', 'Beaufort.Toner@gmail.com', '83-2688249', 'Yakijo', '2021-02-27', '+261 974 316 8717', '1xv5im95r2', '42 Kingsford Trail', '2021-09-16', 5);
insert into client (client_id, firstname, lastname, cin, passporte, email, work_badge, company_name, hire_date, phone, password, addresse, created_at, official_id) values (89, 'Corrie', 'Sparshett', 'NS5242707', 'Q88681504', 'Corrie.Sparshett@gmail.com', '85-2991502', 'Dynava', '2021-01-09', '+62 177 346 2395', '7IuCOlIFElv', '9 Scofield Hill', '2021-07-13', 4);
insert into client (client_id, firstname, lastname, cin, passporte, email, work_badge, company_name, hire_date, phone, password, addresse, created_at, official_id) values (90, 'Almeria', 'Vynarde', 'ZA5571493', 'P33341405', 'Almeria.Vynarde@gmail.com', '58-6933316', 'Yadel', '2021-08-29', '+20 844 391 9553', 'VAkz0TWt2Pv', '32 Ramsey Center', '2021-07-16', 3);
insert into client (client_id, firstname, lastname, cin, passporte, email, work_badge, company_name, hire_date, phone, password, addresse, created_at, official_id) values (91, 'Laurens', 'Organer', 'PP8695976', 'M99083099', 'Laurens.Organer@gmail.com', '79-5467316', 'Shufflebeat', '2021-06-17', '+46 289 341 0860', '8aicAt9V3', '603 Sundown Trail', '2021-05-03', 5);
insert into client (client_id, firstname, lastname, cin, passporte, email, work_badge, company_name, hire_date, phone, password, addresse, created_at, official_id) values (92, 'Dela', 'Delieu', 'HH7903187', 'N93475931', 'Dela.Delieu@gmail.com', '91-6544257', 'Oyope', '2021-06-15', '+55 507 259 9526', 'KMCLXjHZ', '892 Gerald Lane', '2021-04-23', 3);
insert into client (client_id, firstname, lastname, cin, passporte, email, work_badge, company_name, hire_date, phone, password, addresse, created_at, official_id) values (93, 'Der', 'Ovington', 'ZD7005585', 'N95677018', 'Der.Ovington@gmail.com', '17-4411123', 'Browsebug', '2021-11-29', '+7 495 475 4767', 'GekGxJMxPP', '3319 Pennsylvania Point', '2021-04-18', 1);
insert into client (client_id, firstname, lastname, cin, passporte, email, work_badge, company_name, hire_date, phone, password, addresse, created_at, official_id) values (94, 'Star', 'Sinton', 'HS3041518', 'M54784764', 'Star.Sinton@gmail.com', '11-7198079', 'Thoughtbeat', '2021-11-18', '+976 757 921 2700', 'MVxv5FDH23k', '80081 Rutledge Drive', '2021-09-07', 3);
insert into client (client_id, firstname, lastname, cin, passporte, email, work_badge, company_name, hire_date, phone, password, addresse, created_at, official_id) values (95, 'Bartolemo', 'Wooding', 'MQ5815074', 'S83596496', 'Bartolemo.Wooding@gmail.com', '90-9615678', 'Zava', '2021-08-21', '+234 857 879 7010', 'PTuylQS6', '915 Mosinee Avenue', '2021-05-05', 1);
insert into client (client_id, firstname, lastname, cin, passporte, email, work_badge, company_name, hire_date, phone, password, addresse, created_at, official_id) values (96, 'Vern', 'Edginton', 'QN5149023', 'Q59037917', 'Vern.Edginton@gmail.com', '07-9106831', 'Kayveo', '2021-10-22', '+27 975 422 2882', 'L8MQHKEgkP', '6120 Fieldstone Center', '2021-10-18', 3);
insert into client (client_id, firstname, lastname, cin, passporte, email, work_badge, company_name, hire_date, phone, password, addresse, created_at, official_id) values (97, 'Netta', 'Braybrooks', 'PD3111567', 'D46940684', 'Netta.Braybrooks@gmail.com', '74-4344864', 'Oyoba', '2021-05-20', '+960 477 667 0888', 'oKvOy7kl1', '627 Iowa Way', '2021-02-16', 3);
insert into client (client_id, firstname, lastname, cin, passporte, email, work_badge, company_name, hire_date, phone, password, addresse, created_at, official_id) values (98, 'Armand', 'Gladwish', 'ZZ5500288', 'N91549523', 'Armand.Gladwish@gmail.com', '41-3834819', 'Skivee', '2021-02-22', '+62 505 809 3359', 'utkJAdHxV', '59982 Bunker Hill Lane', '2021-11-28', 2);
insert into client (client_id, firstname, lastname, cin, passporte, email, work_badge, company_name, hire_date, phone, password, addresse, created_at, official_id) values (99, 'Pippo', 'Carles', 'ZA4148582', 'Z17494124', 'Pippo.Carles@gmail.com', '97-2930077', 'Brainsphere', '2020-12-17', '+27 107 810 5666', 'fRQVVX1ygkxh', '24869 Garrison Way', '2021-03-08', 5);
insert into client (client_id, firstname, lastname, cin, passporte, email, work_badge, company_name, hire_date, phone, password, addresse, created_at, official_id) values (100, 'Shawn', 'Dana', 'ZS5530529', 'M32203629', 'Shawn.Dana@gmail.com', '94-3579748', 'Devshare', '2021-09-18', '+251 621 173 7402', '51mh45lt5n', '743 Dapin Road', '2021-06-06', 2);
insert into client (client_id, firstname, lastname, cin, passporte, email, work_badge, company_name, hire_date, phone, password, addresse, created_at, official_id) values (101, 'Sterne', 'Tanzig', 'PN4052764', 'P60967871', 'Sterne.Tanzig@gmail.com', '48-4586587', 'Livepath', '2021-03-12', '+57 910 418 4512', 'B7qo8kcef', '0 Daystar Center', '2021-04-26', 2);
insert into client (client_id, firstname, lastname, cin, passporte, email, work_badge, company_name, hire_date, phone, password, addresse, created_at, official_id) values (102, 'Tiphani', 'Greenshiels', 'AH7408460', 'M13200706', 'Tiphani.Greenshiels@gmail.com', '83-1499007', 'Voolia', '2021-02-01', '+63 430 169 8295', 'Veqi9y8hjk5B', '88 Moland Crossing', '2021-08-29', 3);
insert into client (client_id, firstname, lastname, cin, passporte, email, work_badge, company_name, hire_date, phone, password, addresse, created_at, official_id) values (103, 'Charlotte', 'Cuncarr', 'AB8748719', 'B74422789', 'Charlotte.Cuncarr@gmail.com', '41-7456627', 'Thoughtworks', '2020-12-15', '+263 820 338 0083', 'Z3Ce0mIuozD', '51987 Esker Crossing', '2021-05-07', 3);
insert into client (client_id, firstname, lastname, cin, passporte, email, work_badge, company_name, hire_date, phone, password, addresse, created_at, official_id) values (104, 'Benito', 'Buckland', 'ZP4390842', 'M12268566', 'Benito.Buckland@gmail.com', '40-3687757', 'Yodel', '2020-12-13', '+86 561 260 9204', 'q7cjgC', '71545 Goodland Way', '2021-07-13', 1);
insert into client (client_id, firstname, lastname, cin, passporte, email, work_badge, company_name, hire_date, phone, password, addresse, created_at, official_id) values (105, 'Jessamyn', 'Antoniat', 'SQ8730940', 'S51990419', 'Jessamyn.Antoniat@gmail.com', '76-5151533', 'Demimbu', '2021-03-24', '+62 931 836 0078', 'Z3X4tll2czof', '035 Forest Terrace', '2020-12-22', 5);
insert into client (client_id, firstname, lastname, cin, passporte, email, work_badge, company_name, hire_date, phone, password, addresse, created_at, official_id) values (106, 'Bride', 'Tatham', 'NZ7289361', 'B91557205', 'Bride.Tatham@gmail.com', '86-4532513', 'Rhynoodle', '2021-08-01', '+62 253 943 5312', 'wJTIafvx', '5 Dryden Drive', '2021-08-07', 1);
insert into client (client_id, firstname, lastname, cin, passporte, email, work_badge, company_name, hire_date, phone, password, addresse, created_at, official_id) values (107, 'Babara', 'Skeels', 'ZB7273938', 'H24224031', 'Babara.Skeels@gmail.com', '71-4413020', 'Youbridge', '2021-07-09', '+1 305 739 4159', '5jdfJ6qHI07', '8 Fieldstone Place', '2021-05-27', 2);
insert into client (client_id, firstname, lastname, cin, passporte, email, work_badge, company_name, hire_date, phone, password, addresse, created_at, official_id) values (108, 'Lulita', 'Bardwell', 'DZ4857895', 'H62984033', 'Lulita.Bardwell@gmail.com', '85-0899388', 'Edgetag', '2021-03-13', '+996 466 818 2402', 'hmcMHokZa', '1621 Bowman Parkway', '2021-08-06', 3);
insert into client (client_id, firstname, lastname, cin, passporte, email, work_badge, company_name, hire_date, phone, password, addresse, created_at, official_id) values (109, 'Etheline', 'Kemell', 'DM3716396', 'B81713883', 'Etheline.Kemell@gmail.com', '60-7786364', 'Jaxworks', '2021-01-20', '+86 912 348 6122', 'WPazNnuO0YEC', '6736 Hayes Parkway', '2021-08-08', 2);
insert into client (client_id, firstname, lastname, cin, passporte, email, work_badge, company_name, hire_date, phone, password, addresse, created_at, official_id) values (110, 'Katrina', 'Rolland', 'ZP9441208', 'Q39002059', 'Katrina.Rolland@gmail.com', '98-5930142', 'Katz', '2021-07-05', '+33 873 999 7961', 'OOdnYRWA', '36 Graceland Crossing', '2021-09-22', 1);
insert into client (client_id, firstname, lastname, cin, passporte, email, work_badge, company_name, hire_date, phone, password, addresse, created_at, official_id) values (111, 'Gaby', 'Turle', 'HD3755769', 'N34603272', 'Gaby.Turle@gmail.com', '26-2098451', 'Tagtune', '2021-02-07', '+420 214 337 3651', 'qaMaEfFUFp6q', '9 7th Avenue', '2021-10-09', 2);
insert into client (client_id, firstname, lastname, cin, passporte, email, work_badge, company_name, hire_date, phone, password, addresse, created_at, official_id) values (112, 'Tierney', 'Isaksen', 'QQ5402372', 'A25126396', 'Tierney.Isaksen@gmail.com', '74-2280900', 'Youtags', '2021-11-10', '+62 706 467 7696', '2ojecdafqD', '5857 Petterle Court', '2021-01-24', 2);
insert into client (client_id, firstname, lastname, cin, passporte, email, work_badge, company_name, hire_date, phone, password, addresse, created_at, official_id) values (113, 'Ethelbert', 'Sedgemond', 'QH2312860', 'H78700755', 'Ethelbert.Sedgemond@gmail.com', '76-9330065', 'Flashpoint', '2021-05-23', '+86 228 142 9735', '5lgpsb9gs', '47 Marquette Way', '2021-09-16', 2);
insert into client (client_id, firstname, lastname, cin, passporte, email, work_badge, company_name, hire_date, phone, password, addresse, created_at, official_id) values (114, 'Heinrick', 'McGucken', 'MP5574329', 'P42271865', 'Heinrick.McGucken@gmail.com', '02-1152864', 'Feedfish', '2021-05-26', '+51 476 373 1368', 'gYdFkaf', '848 Monica Trail', '2021-08-03', 3);
insert into client (client_id, firstname, lastname, cin, passporte, email, work_badge, company_name, hire_date, phone, password, addresse, created_at, official_id) values (115, 'Cherice', 'De Cruce', 'DM5221318', 'M61500282', 'Cherice.De Cruce@gmail.com', '77-0960626', 'Yadel', '2021-07-13', '+81 501 445 2163', 'SBo63UKV', '8 Loomis Point', '2021-01-08', 2);
insert into client (client_id, firstname, lastname, cin, passporte, email, work_badge, company_name, hire_date, phone, password, addresse, created_at, official_id) values (116, 'Jemmie', 'Brunning', 'MA9557640', 'Q69468177', 'Jemmie.Brunning@gmail.com', '54-0939377', 'Wordpedia', '2021-08-07', '+62 308 491 2774', 'ETcT6ecXRTDa', '8 Thackeray Junction', '2021-06-16', 2);
insert into client (client_id, firstname, lastname, cin, passporte, email, work_badge, company_name, hire_date, phone, password, addresse, created_at, official_id) values (117, 'Natty', 'Rawlin', 'AN1452582', 'B88793446', 'Natty.Rawlin@gmail.com', '40-2490567', 'Voolith', '2021-11-21', '+62 834 858 1592', 'n0Ls5StTa', '37813 Evergreen Terrace', '2021-05-25', 5);
insert into client (client_id, firstname, lastname, cin, passporte, email, work_badge, company_name, hire_date, phone, password, addresse, created_at, official_id) values (118, 'Vivyan', 'Brunsden', 'NA6249128', 'A40984966', 'Vivyan.Brunsden@gmail.com', '48-0781801', 'Teklist', '2021-11-16', '+358 837 557 4240', 'SthuYbG0B', '2 Briar Crest Crossing', '2021-06-02', 3);
insert into client (client_id, firstname, lastname, cin, passporte, email, work_badge, company_name, hire_date, phone, password, addresse, created_at, official_id) values (119, 'Danica', 'De Laspee', 'AM1734630', 'A55165432', 'Danica.De Laspee@gmail.com', '44-8861214', 'Eamia', '2021-11-06', '+64 195 994 6509', 'diWBbXPJ8tI', '228 7th Junction', '2021-04-17', 3);
insert into client (client_id, firstname, lastname, cin, passporte, email, work_badge, company_name, hire_date, phone, password, addresse, created_at, official_id) values (120, 'Delilah', 'Kubasek', 'SB3428151', 'N13312292', 'Delilah.Kubasek@gmail.com', '88-1483654', 'Bubbletube', '2021-09-21', '+93 986 404 2776', 'Ezsq7jlU', '35 Hauk Drive', '2020-12-24', 3);
insert into client (client_id, firstname, lastname, cin, passporte, email, work_badge, company_name, hire_date, phone, password, addresse, created_at, official_id) values (121, 'Kirsten', 'Mandre', 'SZ7872923', 'P79545828', 'Kirsten.Mandre@gmail.com', '18-4825556', 'Skaboo', '2020-12-16', '+55 880 932 8944', 'IC2TtB', '66204 Little Fleur Plaza', '2021-12-07', 1);
insert into client (client_id, firstname, lastname, cin, passporte, email, work_badge, company_name, hire_date, phone, password, addresse, created_at, official_id) values (122, 'Cobby', 'Fennelly', 'SS6401947', 'H85516024', 'Cobby.Fennelly@gmail.com', '69-0866519', 'Jatri', '2021-09-18', '+7 489 404 7374', 'O7zltBkLOL', '0 Magdeline Center', '2021-11-08', 4);
insert into client (client_id, firstname, lastname, cin, passporte, email, work_badge, company_name, hire_date, phone, password, addresse, created_at, official_id) values (123, 'Willamina', 'Rudall', 'SB8513103', 'B99428376', 'Willamina.Rudall@gmail.com', '81-8181353', 'Shufflester', '2021-03-18', '+1 964 730 1095', 'zdiFRu1hlJ', '44 Waxwing Park', '2021-03-24', 3);
insert into client (client_id, firstname, lastname, cin, passporte, email, work_badge, company_name, hire_date, phone, password, addresse, created_at, official_id) values (124, 'Artemas', 'Pargiter', 'QS7991050', 'A41432255', 'Artemas.Pargiter@gmail.com', '87-2607650', 'Skidoo', '2021-05-13', '+596 457 867 4983', '1yFQbHyLd', '302 Ryan Center', '2021-12-04', 4);
insert into client (client_id, firstname, lastname, cin, passporte, email, work_badge, company_name, hire_date, phone, password, addresse, created_at, official_id) values (125, 'Griffy', 'McFfaden', 'NA6266051', 'D92735066', 'Griffy.McFfaden@gmail.com', '79-5867233', 'Twitterbeat', '2021-08-20', '+81 867 392 8832', 'HyigRKOe5i9U', '5923 Melrose Alley', '2021-10-23', 2);
insert into client (client_id, firstname, lastname, cin, passporte, email, work_badge, company_name, hire_date, phone, password, addresse, created_at, official_id) values (126, 'Dell', 'Tompkin', 'BP2949965', 'S57307954', 'Dell.Tompkin@gmail.com', '15-7557610', 'Oyoba', '2021-07-13', '+216 266 360 9105', 'TxkwNaeunDTi', '1 Dwight Park', '2021-11-19', 4);
insert into client (client_id, firstname, lastname, cin, passporte, email, work_badge, company_name, hire_date, phone, password, addresse, created_at, official_id) values (127, 'Gardiner', 'Prisk', 'NN9501446', 'D81427769', 'Gardiner.Prisk@gmail.com', '95-7210627', 'Realbridge', '2021-05-22', '+62 563 210 5209', 'lVEeAzT', '7340 Southridge Lane', '2021-09-10', 3);
insert into client (client_id, firstname, lastname, cin, passporte, email, work_badge, company_name, hire_date, phone, password, addresse, created_at, official_id) values (128, 'Tadd', 'Please', 'BD5263097', 'S75738792', 'Tadd.Please@gmail.com', '60-2842221', 'Eimbee', '2020-12-25', '+55 380 132 9963', 'j2Rs6j', '73 Red Cloud Avenue', '2021-01-28', 1);
insert into client (client_id, firstname, lastname, cin, passporte, email, work_badge, company_name, hire_date, phone, password, addresse, created_at, official_id) values (129, 'Ardyth', 'Haws', 'AD3798857', 'Q66107698', 'Ardyth.Haws@gmail.com', '26-7106139', 'Reallinks', '2021-09-06', '+226 922 850 9428', 'pqWiefeG', '7 Sachtjen Parkway', '2021-02-02', 4);
insert into client (client_id, firstname, lastname, cin, passporte, email, work_badge, company_name, hire_date, phone, password, addresse, created_at, official_id) values (130, 'Nicky', 'Paddemore', 'QQ7470140', 'B76374964', 'Nicky.Paddemore@gmail.com', '63-8445349', 'Voonte', '2021-07-29', '+62 416 698 9711', 'BPAerWLdDN2', '0 Duke Plaza', '2021-06-04', 5);
insert into client (client_id, firstname, lastname, cin, passporte, email, work_badge, company_name, hire_date, phone, password, addresse, created_at, official_id) values (131, 'Edithe', 'Gravie', 'MM4329299', 'Z49569647', 'Edithe.Gravie@gmail.com', '34-2513568', 'Buzzbean', '2021-06-17', '+54 547 798 4860', 'VTOmpAec', '00 Dunning Circle', '2020-12-12', 5);
insert into client (client_id, firstname, lastname, cin, passporte, email, work_badge, company_name, hire_date, phone, password, addresse, created_at, official_id) values (132, 'Emlynne', 'Beddall', 'ZS2821509', 'D44274125', 'Emlynne.Beddall@gmail.com', '44-7219885', 'Wordtune', '2021-04-02', '+63 391 931 8558', 'ea5Mk2', '1 Pankratz Place', '2021-10-02', 5);
insert into client (client_id, firstname, lastname, cin, passporte, email, work_badge, company_name, hire_date, phone, password, addresse, created_at, official_id) values (133, 'Laurette', 'McGuiney', 'BS1514227', 'M26324886', 'Laurette.McGuiney@gmail.com', '83-5998561', 'Aivee', '2020-12-21', '+963 496 289 0044', 'QQh2wWySe6G', '66 Ridge Oak Place', '2021-03-14', 3);
insert into client (client_id, firstname, lastname, cin, passporte, email, work_badge, company_name, hire_date, phone, password, addresse, created_at, official_id) values (134, 'Ag', 'Le Fleming', 'AB9293794', 'H60717494', 'Ag.Le Fleming@gmail.com', '71-9114268', 'Bluezoom', '2021-11-27', '+33 130 562 7907', 'zP5eImf', '5440 Mayer Center', '2021-01-30', 3);
insert into client (client_id, firstname, lastname, cin, passporte, email, work_badge, company_name, hire_date, phone, password, addresse, created_at, official_id) values (135, 'Ellerey', 'Lunnon', 'HP8681841', 'N56909009', 'Ellerey.Lunnon@gmail.com', '56-4823210', 'Brightbean', '2021-02-13', '+54 605 381 9120', 'DoMZBAehr', '71581 Carpenter Pass', '2021-09-08', 4);
insert into client (client_id, firstname, lastname, cin, passporte, email, work_badge, company_name, hire_date, phone, password, addresse, created_at, official_id) values (136, 'Maxy', 'Dominec', 'MZ5910721', 'Z18919585', 'Maxy.Dominec@gmail.com', '02-5635281', 'Realbridge', '2021-06-06', '+63 375 505 7346', 'cjuCfp20', '999 Forster Junction', '2021-01-12', 4);
insert into client (client_id, firstname, lastname, cin, passporte, email, work_badge, company_name, hire_date, phone, password, addresse, created_at, official_id) values (137, 'Marta', 'Hows', 'SP8639580', 'A31473462', 'Marta.Hows@gmail.com', '57-5746699', 'Eabox', '2021-12-09', '+381 125 509 2169', 'V20tHIA', '08686 Holy Cross Drive', '2021-01-02', 3);
insert into client (client_id, firstname, lastname, cin, passporte, email, work_badge, company_name, hire_date, phone, password, addresse, created_at, official_id) values (138, 'Rosalyn', 'Geydon', 'DP5956319', 'H57428781', 'Rosalyn.Geydon@gmail.com', '17-3875222', 'Brainsphere', '2021-11-11', '+54 186 500 2372', 'Gahctv', '9104 Northfield Avenue', '2021-03-05', 1);
insert into client (client_id, firstname, lastname, cin, passporte, email, work_badge, company_name, hire_date, phone, password, addresse, created_at, official_id) values (139, 'Bronson', 'Mc Queen', 'PP2797039', 'A90518525', 'Bronson.Mc Queen@gmail.com', '49-2151389', 'Rhybox', '2021-08-05', '+86 463 773 2471', 'R9oFpTUafbs', '8 Graedel Park', '2021-09-08', 1);
insert into client (client_id, firstname, lastname, cin, passporte, email, work_badge, company_name, hire_date, phone, password, addresse, created_at, official_id) values (140, 'Reinold', 'Windham', 'SA1667542', 'N65378177', 'Reinold.Windham@gmail.com', '38-7596278', 'Jaxspan', '2021-04-23', '+62 396 767 2874', '0CIoGst4oBwx', '4187 Stone Corner Circle', '2021-03-22', 4);
insert into client (client_id, firstname, lastname, cin, passporte, email, work_badge, company_name, hire_date, phone, password, addresse, created_at, official_id) values (141, 'Valentijn', 'Cohane', 'BQ1918424', 'B27629419', 'Valentijn.Cohane@gmail.com', '40-6381493', 'Babbleopia', '2020-12-14', '+86 659 125 8004', 'YFfsDGsx3P7z', '207 Grayhawk Drive', '2020-12-20', 1);
insert into client (client_id, firstname, lastname, cin, passporte, email, work_badge, company_name, hire_date, phone, password, addresse, created_at, official_id) values (142, 'Welsh', 'Haselhurst', 'DD4916629', 'M91649139', 'Welsh.Haselhurst@gmail.com', '10-8563062', 'Npath', '2021-10-04', '+62 245 566 5237', 'tt7Yqaa7v', '5 Cherokee Pass', '2020-12-13', 5);
insert into client (client_id, firstname, lastname, cin, passporte, email, work_badge, company_name, hire_date, phone, password, addresse, created_at, official_id) values (143, 'Fairfax', 'Gurden', 'QP9333139', 'P95914893', 'Fairfax.Gurden@gmail.com', '55-9292621', 'Devify', '2021-09-19', '+63 182 122 1900', '2Tp6JMyud8', '865 Mcguire Crossing', '2021-04-23', 1);
insert into client (client_id, firstname, lastname, cin, passporte, email, work_badge, company_name, hire_date, phone, password, addresse, created_at, official_id) values (144, 'Lenette', 'Ritchie', 'NS1471830', 'P70398483', 'Lenette.Ritchie@gmail.com', '86-3596761', 'Tazz', '2020-12-13', '+963 715 726 4260', 'KM9JO1ndI', '60426 Mesta Hill', '2021-06-20', 5);
insert into client (client_id, firstname, lastname, cin, passporte, email, work_badge, company_name, hire_date, phone, password, addresse, created_at, official_id) values (145, 'Nesta', 'Newton', 'PH6068135', 'D51154291', 'Nesta.Newton@gmail.com', '40-5052990', 'Kwilith', '2021-01-12', '+62 544 451 4884', 'W30X7T', '81360 Marquette Crossing', '2021-11-01', 4);
insert into client (client_id, firstname, lastname, cin, passporte, email, work_badge, company_name, hire_date, phone, password, addresse, created_at, official_id) values (146, 'Maryellen', 'Trosdall', 'SA3518282', 'Q59809768', 'Maryellen.Trosdall@gmail.com', '54-1071058', 'Linklinks', '2021-05-21', '+420 696 615 4360', 'G55bPxV5l9', '33 Monument Avenue', '2021-05-31', 1);
insert into client (client_id, firstname, lastname, cin, passporte, email, work_badge, company_name, hire_date, phone, password, addresse, created_at, official_id) values (147, 'Noak', 'Edland', 'HN8400405', 'Q67599359', 'Noak.Edland@gmail.com', '67-1443175', 'Brightdog', '2021-03-04', '+63 456 467 2486', 'Udt21wspAK5', '8 Lakewood Gardens Parkway', '2021-07-24', 2);
insert into client (client_id, firstname, lastname, cin, passporte, email, work_badge, company_name, hire_date, phone, password, addresse, created_at, official_id) values (148, 'Tiffany', 'Ceyssen', 'HS6483500', 'P45342119', 'Tiffany.Ceyssen@gmail.com', '60-1033124', 'Jaloo', '2021-10-13', '+63 812 252 6309', 'LlrY5Mi9b', '353 Mifflin Way', '2020-12-10', 5);
insert into client (client_id, firstname, lastname, cin, passporte, email, work_badge, company_name, hire_date, phone, password, addresse, created_at, official_id) values (149, 'Kerry', 'Caffrey', 'QN6508592', 'H79677838', 'Kerry.Caffrey@gmail.com', '17-9421351', 'Youbridge', '2021-01-05', '+506 365 340 8017', 'n9bcvjeiY', '6741 Delladonna Court', '2021-08-05', 1);
insert into client (client_id, firstname, lastname, cin, passporte, email, work_badge, company_name, hire_date, phone, password, addresse, created_at, official_id) values (150, 'Dennie', 'Gorvette', 'PD5484194', 'P40328855', 'Dennie.Gorvette@gmail.com', '24-6652835', 'Gigazoom', '2021-06-14', '+52 823 883 8381', '7MGoIpl', '68053 Morrow Hill', '2021-05-11', 2);
insert into client (client_id, firstname, lastname, cin, passporte, email, work_badge, company_name, hire_date, phone, password, addresse, created_at, official_id) values (151, 'Fabio', 'Tamsett', 'PP8347214', 'M13031064', 'Fabio.Tamsett@gmail.com', '46-1843694', 'Trunyx', '2021-05-16', '+353 584 461 4688', 'ZkUkoj', '3 Melody Lane', '2021-06-23', 3);
insert into client (client_id, firstname, lastname, cin, passporte, email, work_badge, company_name, hire_date, phone, password, addresse, created_at, official_id) values (152, 'Merrel', 'Gaunt', 'MZ8293962', 'M79167779', 'Merrel.Gaunt@gmail.com', '41-8748557', 'Skibox', '2021-07-03', '+57 498 877 4502', '9uK9BF9u9eb', '344 Mandrake Drive', '2021-11-09', 5);
insert into client (client_id, firstname, lastname, cin, passporte, email, work_badge, company_name, hire_date, phone, password, addresse, created_at, official_id) values (153, 'Horace', 'Caldwell', 'QS6265905', 'Z21664502', 'Horace.Caldwell@gmail.com', '07-1953750', 'Minyx', '2021-08-23', '+86 765 315 5335', 'IsOMZ0', '8 Buhler Circle', '2021-04-11', 1);
insert into client (client_id, firstname, lastname, cin, passporte, email, work_badge, company_name, hire_date, phone, password, addresse, created_at, official_id) values (154, 'Garrett', 'Jocic', 'BH1775922', 'A43095642', 'Garrett.Jocic@gmail.com', '01-6900848', 'Shuffledrive', '2020-12-20', '+86 671 202 2138', 'o7IPfrq', '89642 Comanche Pass', '2021-07-09', 3);
insert into client (client_id, firstname, lastname, cin, passporte, email, work_badge, company_name, hire_date, phone, password, addresse, created_at, official_id) values (155, 'Damian', 'Brommage', 'ZA6156671', 'M78845280', 'Damian.Brommage@gmail.com', '77-1740835', 'Minyx', '2021-09-19', '+86 648 322 4123', 'ZIM9Msbph', '964 Harbort Way', '2021-03-29', 3);
insert into client (client_id, firstname, lastname, cin, passporte, email, work_badge, company_name, hire_date, phone, password, addresse, created_at, official_id) values (156, 'Tymon', 'Conichie', 'NZ4659578', 'P80782870', 'Tymon.Conichie@gmail.com', '11-7414784', 'Eare', '2021-04-27', '+63 907 141 3046', '0N7eeW', '553 Twin Pines Court', '2021-09-10', 5);
insert into client (client_id, firstname, lastname, cin, passporte, email, work_badge, company_name, hire_date, phone, password, addresse, created_at, official_id) values (157, 'Angelina', 'Antoshin', 'BZ8283645', 'P56654092', 'Angelina.Antoshin@gmail.com', '60-9504870', 'Rhycero', '2021-01-01', '+55 128 847 7515', '5EtSzSLGW', '936 Hoepker Center', '2021-01-02', 2);
insert into client (client_id, firstname, lastname, cin, passporte, email, work_badge, company_name, hire_date, phone, password, addresse, created_at, official_id) values (158, 'Gypsy', 'Flaxman', 'QH3448052', 'H31944608', 'Gypsy.Flaxman@gmail.com', '92-5516397', 'Babblestorm', '2021-09-17', '+33 697 486 2245', 'xMKDfwMViG', '8 Elka Terrace', '2021-06-11', 4);
insert into client (client_id, firstname, lastname, cin, passporte, email, work_badge, company_name, hire_date, phone, password, addresse, created_at, official_id) values (159, 'Rafi', 'Riddlesden', 'SH5950716', 'P60974850', 'Rafi.Riddlesden@gmail.com', '92-8416923', 'Agivu', '2021-06-15', '+86 486 839 5933', 'DMrVbj', '8481 Bunting Point', '2021-06-02', 2);
insert into client (client_id, firstname, lastname, cin, passporte, email, work_badge, company_name, hire_date, phone, password, addresse, created_at, official_id) values (160, 'Alyss', 'Stag', 'HP8185569', 'B73324439', 'Alyss.Stag@gmail.com', '09-7663545', 'Topicshots', '2021-09-26', '+689 201 761 4391', 'nwQLen0BfhU', '53950 Roth Court', '2021-02-05', 1);
insert into client (client_id, firstname, lastname, cin, passporte, email, work_badge, company_name, hire_date, phone, password, addresse, created_at, official_id) values (161, 'Amata', 'Fasset', 'PA9630093', 'M68319598', 'Amata.Fasset@gmail.com', '30-5631823', 'Buzzshare', '2021-04-12', '+62 890 101 4644', 'LZ837O9Vi', '5178 Warrior Lane', '2021-04-11', 4);
insert into client (client_id, firstname, lastname, cin, passporte, email, work_badge, company_name, hire_date, phone, password, addresse, created_at, official_id) values (162, 'Araldo', 'Dungey', 'BD7503460', 'A51743278', 'Araldo.Dungey@gmail.com', '98-9492663', 'Oyoba', '2021-03-12', '+86 433 984 8292', 'YRPkUbDcl', '1736 International Park', '2021-06-10', 3);
insert into client (client_id, firstname, lastname, cin, passporte, email, work_badge, company_name, hire_date, phone, password, addresse, created_at, official_id) values (163, 'Cinda', 'Kyttor', 'DP4822610', 'Z33400171', 'Cinda.Kyttor@gmail.com', '04-8005244', 'Skyndu', '2021-07-09', '+55 747 639 7139', 'iIUNaV', '010 Southridge Pass', '2021-03-18', 3);
insert into client (client_id, firstname, lastname, cin, passporte, email, work_badge, company_name, hire_date, phone, password, addresse, created_at, official_id) values (164, 'Puff', 'Ebbotts', 'PQ2068518', 'P66867482', 'Puff.Ebbotts@gmail.com', '81-3845470', 'Photospace', '2021-02-26', '+977 751 430 0681', 'S7kwHF', '37 Oak Valley Plaza', '2021-04-10', 5);
insert into client (client_id, firstname, lastname, cin, passporte, email, work_badge, company_name, hire_date, phone, password, addresse, created_at, official_id) values (165, 'Porty', 'McKerlie', 'MN7044250', 'A61837625', 'Porty.McKerlie@gmail.com', '82-2788270', 'Dabtype', '2021-07-09', '+86 368 288 7332', '1SMsRX', '650 Maple Wood Parkway', '2021-07-29', 4);
insert into client (client_id, firstname, lastname, cin, passporte, email, work_badge, company_name, hire_date, phone, password, addresse, created_at, official_id) values (166, 'Morganne', 'Drews', 'AA5630985', 'D51868068', 'Morganne.Drews@gmail.com', '73-1545328', 'Yadel', '2021-09-05', '+86 276 599 5833', 'yiL0Tt', '109 Knutson Circle', '2021-05-13', 2);
insert into client (client_id, firstname, lastname, cin, passporte, email, work_badge, company_name, hire_date, phone, password, addresse, created_at, official_id) values (167, 'Petra', 'Abazi', 'SB4020806', 'A25120744', 'Petra.Abazi@gmail.com', '19-1755525', 'Jayo', '2020-12-13', '+86 172 408 2822', 'TFB3y9d6', '02 Rieder Lane', '2021-05-15', 4);
insert into client (client_id, firstname, lastname, cin, passporte, email, work_badge, company_name, hire_date, phone, password, addresse, created_at, official_id) values (168, 'Lanie', 'Corse', 'MH4921834', 'Q38275574', 'Lanie.Corse@gmail.com', '24-9824423', 'Meedoo', '2021-02-26', '+86 200 178 7926', 'Kv7Mg2e', '728 Kinsman Street', '2021-01-13', 4);
insert into client (client_id, firstname, lastname, cin, passporte, email, work_badge, company_name, hire_date, phone, password, addresse, created_at, official_id) values (169, 'Broddy', 'Tillerton', 'MZ3177664', 'Z38287776', 'Broddy.Tillerton@gmail.com', '51-4237212', 'Jabberstorm', '2021-01-28', '+86 452 831 0847', '3bgvDI', '731 Manitowish Lane', '2021-08-11', 1);
insert into client (client_id, firstname, lastname, cin, passporte, email, work_badge, company_name, hire_date, phone, password, addresse, created_at, official_id) values (170, 'Ginny', 'Donnelly', 'ZA8259792', 'N74881205', 'Ginny.Donnelly@gmail.com', '10-7800220', 'Aivee', '2021-07-01', '+351 498 676 9121', 'ruFJVor', '31 Katie Place', '2021-02-18', 2);
insert into client (client_id, firstname, lastname, cin, passporte, email, work_badge, company_name, hire_date, phone, password, addresse, created_at, official_id) values (171, 'Marne', 'Roddy', 'BM5580466', 'M39042716', 'Marne.Roddy@gmail.com', '46-1247193', 'Fatz', '2021-08-21', '+7 168 191 8228', 'GA7pn5kRjOA', '2883 Lakeland Junction', '2021-04-05', 3);
insert into client (client_id, firstname, lastname, cin, passporte, email, work_badge, company_name, hire_date, phone, password, addresse, created_at, official_id) values (172, 'Penelope', 'Bolus', 'QN2763045', 'S33671193', 'Penelope.Bolus@gmail.com', '49-1904645', 'Photofeed', '2021-10-28', '+63 444 655 6030', 'zDsEeOHwg', '249 Bluestem Plaza', '2021-07-25', 4);
insert into client (client_id, firstname, lastname, cin, passporte, email, work_badge, company_name, hire_date, phone, password, addresse, created_at, official_id) values (173, 'Dulciana', 'Munnis', 'PP5815315', 'M96586496', 'Dulciana.Munnis@gmail.com', '69-6128253', 'Yabox', '2021-11-17', '+86 572 733 6171', 'U5CTb5NPnvhJ', '3 Hoepker Street', '2021-05-04', 3);
insert into client (client_id, firstname, lastname, cin, passporte, email, work_badge, company_name, hire_date, phone, password, addresse, created_at, official_id) values (174, 'Remington', 'Obington', 'PD8714992', 'D90018208', 'Remington.Obington@gmail.com', '18-8272497', 'Vinte', '2021-02-13', '+967 424 210 1891', 'nXOmmyy', '24900 Waxwing Terrace', '2021-07-17', 5);
insert into client (client_id, firstname, lastname, cin, passporte, email, work_badge, company_name, hire_date, phone, password, addresse, created_at, official_id) values (175, 'Isidora', 'Grinaway', 'SN9677793', 'H69003946', 'Isidora.Grinaway@gmail.com', '39-5535186', 'Yambee', '2021-02-08', '+57 927 183 2295', '71s2L0o', '228 Corben Crossing', '2021-09-29', 2);
insert into client (client_id, firstname, lastname, cin, passporte, email, work_badge, company_name, hire_date, phone, password, addresse, created_at, official_id) values (176, 'Gallard', 'Jakubovitch', 'ZZ4671601', 'Z39354996', 'Gallard.Jakubovitch@gmail.com', '66-2519706', 'Katz', '2021-07-03', '+351 897 635 9922', 'hoybBt', '6040 Eastwood Road', '2021-11-28', 5);
insert into client (client_id, firstname, lastname, cin, passporte, email, work_badge, company_name, hire_date, phone, password, addresse, created_at, official_id) values (177, 'Cher', 'Yeowell', 'DA8318552', 'B25149637', 'Cher.Yeowell@gmail.com', '48-8995260', 'Linklinks', '2020-12-29', '+351 827 539 1923', 'DQWUtfdp1', '6624 Brentwood Terrace', '2021-02-07', 3);
insert into client (client_id, firstname, lastname, cin, passporte, email, work_badge, company_name, hire_date, phone, password, addresse, created_at, official_id) values (178, 'Rebbecca', 'Durrington', 'NM8284983', 'N54714670', 'Rebbecca.Durrington@gmail.com', '06-7655989', 'Quatz', '2020-12-29', '+55 193 310 5952', 'sXRNQ88rpZ6', '7 Cottonwood Drive', '2021-09-13', 1);
insert into client (client_id, firstname, lastname, cin, passporte, email, work_badge, company_name, hire_date, phone, password, addresse, created_at, official_id) values (179, 'Gilly', 'Biggans', 'ZS7446249', 'D55665336', 'Gilly.Biggans@gmail.com', '85-4961551', 'Zoovu', '2021-03-29', '+86 349 249 5258', 'Dak90w2H5', '232 Jay Parkway', '2021-07-07', 5);
insert into client (client_id, firstname, lastname, cin, passporte, email, work_badge, company_name, hire_date, phone, password, addresse, created_at, official_id) values (180, 'Neely', 'Jentgens', 'AM3465306', 'A60415608', 'Neely.Jentgens@gmail.com', '70-0474961', 'Trudeo', '2021-09-28', '+1 412 371 8172', 'uVX8DXh', '2346 Debs Parkway', '2021-05-11', 1);
insert into client (client_id, firstname, lastname, cin, passporte, email, work_badge, company_name, hire_date, phone, password, addresse, created_at, official_id) values (181, 'Egan', 'Drackford', 'DH1252844', 'A63245357', 'Egan.Drackford@gmail.com', '99-3550860', 'Browsebug', '2021-06-18', '+420 790 536 5843', 'KBuaaF56Y', '4 Pawling Point', '2021-01-04', 1);
insert into client (client_id, firstname, lastname, cin, passporte, email, work_badge, company_name, hire_date, phone, password, addresse, created_at, official_id) values (182, 'Julissa', 'Basini-Gazzi', 'AB7211107', 'P92617157', 'Julissa.Basini-Gazzi@gmail.com', '72-8072420', 'Blognation', '2021-12-09', '+48 998 523 2281', '9PqcHCr7', '040 Kedzie Pass', '2021-06-29', 4);
insert into client (client_id, firstname, lastname, cin, passporte, email, work_badge, company_name, hire_date, phone, password, addresse, created_at, official_id) values (183, 'Loree', 'Gaddesby', 'PZ2360067', 'M14587087', 'Loree.Gaddesby@gmail.com', '88-2744535', 'Gigazoom', '2021-06-14', '+55 530 366 6792', 'TBMP3iBrAVk', '3 Hermina Way', '2021-10-20', 2);
insert into client (client_id, firstname, lastname, cin, passporte, email, work_badge, company_name, hire_date, phone, password, addresse, created_at, official_id) values (184, 'Jerome', 'Osselton', 'NN5035472', 'D17559744', 'Jerome.Osselton@gmail.com', '41-8346952', 'Digitube', '2021-08-12', '+51 728 416 0581', 'wOAbOZtXfXdk', '04 Messerschmidt Hill', '2021-03-27', 5);
insert into client (client_id, firstname, lastname, cin, passporte, email, work_badge, company_name, hire_date, phone, password, addresse, created_at, official_id) values (185, 'Del', 'Alstead', 'QP6432312', 'A59411885', 'Del.Alstead@gmail.com', '50-1929996', 'Zoombeat', '2021-11-27', '+52 186 854 9400', 'qpdxZi0fk1', '73 Kenwood Park', '2021-03-21', 3);
insert into client (client_id, firstname, lastname, cin, passporte, email, work_badge, company_name, hire_date, phone, password, addresse, created_at, official_id) values (186, 'Alyson', 'Duckwith', 'DZ5682568', 'Z99854120', 'Alyson.Duckwith@gmail.com', '97-3071366', 'Skaboo', '2021-10-14', '+994 948 959 2008', 'Wv1gkzf7K', '6609 Grayhawk Drive', '2020-12-14', 3);
insert into client (client_id, firstname, lastname, cin, passporte, email, work_badge, company_name, hire_date, phone, password, addresse, created_at, official_id) values (187, 'Haskell', 'Moxley', 'BP9947141', 'Q43248289', 'Haskell.Moxley@gmail.com', '79-0390621', 'Ailane', '2021-03-01', '+86 168 366 7782', '4hiryiHI26i', '64464 Prairie Rose Court', '2021-10-09', 3);
insert into client (client_id, firstname, lastname, cin, passporte, email, work_badge, company_name, hire_date, phone, password, addresse, created_at, official_id) values (188, 'Raphaela', 'Wardrop', 'DA7120585', 'N86439347', 'Raphaela.Wardrop@gmail.com', '11-6955442', 'Realmix', '2021-06-16', '+7 758 711 7810', 'wcLaHsqOZ', '1933 Farragut Road', '2021-11-25', 4);
insert into client (client_id, firstname, lastname, cin, passporte, email, work_badge, company_name, hire_date, phone, password, addresse, created_at, official_id) values (189, 'Alonso', 'Copestake', 'AZ4919787', 'D39824293', 'Alonso.Copestake@gmail.com', '60-5039982', 'Vidoo', '2021-07-21', '+258 333 806 4565', 'qdNHYg', '2 Carpenter Park', '2021-08-22', 1);
insert into client (client_id, firstname, lastname, cin, passporte, email, work_badge, company_name, hire_date, phone, password, addresse, created_at, official_id) values (190, 'Debera', 'Coleyshaw', 'HP6743752', 'M24274309', 'Debera.Coleyshaw@gmail.com', '79-7896398', 'Thoughtsphere', '2021-12-05', '+234 510 280 6153', 'zf8pSMLheN', '16 Huxley Place', '2021-07-18', 5);
insert into client (client_id, firstname, lastname, cin, passporte, email, work_badge, company_name, hire_date, phone, password, addresse, created_at, official_id) values (191, 'Jeniffer', 'Helleckas', 'SZ4792352', 'Q20837615', 'Jeniffer.Helleckas@gmail.com', '21-6519602', 'Riffwire', '2021-01-20', '+63 872 868 7017', 'ttEphw5bsHcd', '5 Shoshone Parkway', '2021-03-23', 2);
insert into client (client_id, firstname, lastname, cin, passporte, email, work_badge, company_name, hire_date, phone, password, addresse, created_at, official_id) values (192, 'Eulalie', 'Ferris', 'AZ3159118', 'Q31270847', 'Eulalie.Ferris@gmail.com', '39-3030911', 'Snaptags', '2021-05-18', '+86 326 894 3711', 'lG7WTRQ', '31 Surrey Pass', '2021-08-20', 3);
insert into client (client_id, firstname, lastname, cin, passporte, email, work_badge, company_name, hire_date, phone, password, addresse, created_at, official_id) values (193, 'Cristobal', 'Meaders', 'SB2406399', 'Q48699295', 'Cristobal.Meaders@gmail.com', '86-8441037', 'Jaxbean', '2020-12-20', '+34 621 159 1967', 'YIxvgZf', '4 Donald Lane', '2021-07-28', 5);
insert into client (client_id, firstname, lastname, cin, passporte, email, work_badge, company_name, hire_date, phone, password, addresse, created_at, official_id) values (194, 'Jacqueline', 'Chazette', 'AN7592791', 'Z70458860', 'Jacqueline.Chazette@gmail.com', '42-1428864', 'Dynava', '2021-04-26', '+55 750 380 9548', 'm06peAi0WyLD', '6724 Sutherland Hill', '2021-01-18', 3);
insert into client (client_id, firstname, lastname, cin, passporte, email, work_badge, company_name, hire_date, phone, password, addresse, created_at, official_id) values (195, 'Genevieve', 'Curtoys', 'NA6172270', 'P16445823', 'Genevieve.Curtoys@gmail.com', '22-3802062', 'Flipopia', '2020-12-16', '+7 617 440 1168', 'Txd1SDJ', '09399 Lunder Terrace', '2021-07-04', 1);
insert into client (client_id, firstname, lastname, cin, passporte, email, work_badge, company_name, hire_date, phone, password, addresse, created_at, official_id) values (196, 'Isidora', 'McGeagh', 'ZA8956813', 'D94849868', 'Isidora.McGeagh@gmail.com', '76-4421724', 'Realcube', '2021-07-27', '+62 987 542 3266', '8uasMNmecH', '4163 Scott Plaza', '2021-03-31', 4);
insert into client (client_id, firstname, lastname, cin, passporte, email, work_badge, company_name, hire_date, phone, password, addresse, created_at, official_id) values (197, 'Helene', 'Goggen', 'QZ5425831', 'N89750558', 'Helene.Goggen@gmail.com', '44-5910495', 'Photobug', '2021-11-03', '+56 865 108 3364', 'hvjYiz', '3 Burrows Center', '2021-07-17', 5);
insert into client (client_id, firstname, lastname, cin, passporte, email, work_badge, company_name, hire_date, phone, password, addresse, created_at, official_id) values (198, 'Jeanie', 'Fossick', 'NA9902448', 'Z42662647', 'Jeanie.Fossick@gmail.com', '41-6990809', 'Ooba', '2021-11-27', '+976 968 759 4655', '92ImbZVSOU2', '83679 Eliot Alley', '2021-05-17', 3);
insert into client (client_id, firstname, lastname, cin, passporte, email, work_badge, company_name, hire_date, phone, password, addresse, created_at, official_id) values (199, 'Judas', 'Meedendorpe', 'AA2448879', 'N82852196', 'Judas.Meedendorpe@gmail.com', '03-2807727', 'Brightbean', '2021-02-04', '+358 109 435 9016', 'VRVsvn0B05DV', '051 Ridgeview Parkway', '2021-01-16', 1);
insert into client (client_id, firstname, lastname, cin, passporte, email, work_badge, company_name, hire_date, phone, password, addresse, created_at, official_id) values (200, 'Libbie', 'Trevarthen', 'DD4553555', 'H15993848', 'Libbie.Trevarthen@gmail.com', '24-3448832', 'Twitterbridge', '2021-07-09', '+66 241 612 0281', 'EgnrFS61', '6 Elgar Point', '2021-07-16', 2);




